Mon Mar 17 14:05:02 UTC 2025
Mon Mar 17 14:08:39 UTC 2025
Tue Mar 18 13:16:58 UTC 2025
Wed Mar 19 13:16:34 UTC 2025
Thu Mar 20 13:14:43 UTC 2025
Fri Mar 21 13:14:44 UTC 2025
Sat Mar 22 13:00:48 UTC 2025
Sun Mar 23 13:01:33 UTC 2025
Mon Mar 24 13:18:05 UTC 2025
Tue Mar 25 13:18:07 UTC 2025
Wed Mar 26 13:18:04 UTC 2025
Thu Mar 27 13:16:53 UTC 2025
Fri Mar 28 13:15:53 UTC 2025
Sat Mar 29 13:02:57 UTC 2025
Sun Mar 30 13:02:37 UTC 2025
Mon Mar 31 13:34:10 UTC 2025
Tue Apr  1 13:36:09 UTC 2025
Wed Apr  2 13:18:56 UTC 2025
Thu Apr  3 13:18:15 UTC 2025
Fri Apr  4 13:17:13 UTC 2025
Sat Apr  5 13:01:42 UTC 2025
Sun Apr  6 13:02:29 UTC 2025
Mon Apr  7 13:35:22 UTC 2025
